Database,Keyword,Seed keyword,Page,Topic,Page type,Tags,Volume,Keyword Difficulty,CPC (USD),Competitive Density,Number of Results,Intent,SERP Features,Trend,Click potential,Content references,Competitors
us,non opioid pain management,non-opioid pain management,,,,,880,48,0.00,0.00,23600000,"Informational, Transactional","Video Carousel, Related Searches, Discussions And Forums, Video, Image","0.05,0.07,0.05,0.05,0.05,0.05,0.66,0.79,1.00,1.00,0.66,0.41",90,,
us,non opioid pain management options,non-opioid pain management,,,,,390,41,1.95,0.33,21000000,Informational,"Site Links, Video, Image, People Also Ask, Related Searches","0.88,1.00,0.14,0.09,0.05,0.39,1.00,0.26,0.11,0.11,0.09,0.07",20,,
us,non-opioid pain management options for post-surgical patients,non-opioid pain management,,,,,110,27,0.00,0.00,12100000,Informational,"Site Links, Video, Image, People Also Ask, Related Searches, AI Overview","0.64,1.00",20,,
us,non opioid pain management drugs,non-opioid pain management,,,,,90,50,1.88,0.20,20700000,Informational,"Related Searches, Discussions And Forums, Video, Image, Video Carousel, People Also Ask","0.03,0.18,0.06,0.03,0.03,0.03,0.03,0.03,0.03,0.08,0.35,1.00",90,,
us,zynrelef non-opioid pain management after surgery,non-opioid pain management,,,,,90,10,0.00,0.00,2070,Navigational,"Video, Related Searches","0.63,1.00,1.00,0.81,0.63,0.27",90,,
us,non-opioid pain management,non-opioid pain management,,,,,70,41,0.00,0.00,21400000,Informational,"Related Searches, Discussions And Forums, AI Overview, Video, Image, Video Carousel, People Also Ask","0.00,0.23,0.43,0.12,0.12,0.10,0.12,0.35,0.43,0.02,0.02,0.00",90,,
us,non-opioid pain management post-surgery,non-opioid pain management,,,,,70,42,0.00,0.00,6030000,Informational,"Discussions And Forums, AI Overview, Video, People Also Ask, Related Searches","0.77,1.00",90,,
us,non-opioid pain management options post-surgical patients,non-opioid pain management,,,,,50,55,0.00,0.00,16400000,Informational,"Site Links, Video, Related Searches, AI Overview","0.57,1.00",20,,
us,innovations in non-opioid pain management 2025,non-opioid pain management,,,,,40,15,0.00,0.00,3020000,Informational,"Video, Related Searches, AI Overview","0.36,1.00,0.18,0.09,0.09",90,,
us,zynrelef non-opioid pain management surgery reviews,non-opioid pain management,,,,,40,0,0.00,0.00,,,,1.00,,,
us,exparel non-opioid pain management after surgery,non-opioid pain management,,,,,30,0,0.00,0.00,,,,"0.21,1.00,0.07,0.07,0.00,0.07",,,
us,non opioid pain management after surgery,non-opioid pain management,,,,,30,0,0.00,0.00,,,,"0.01,0.01,0.00,0.01,0.01,0.00,0.00,0.05,0.05,0.05,0.18,0.15",,,
us,non-opioid pain management pelvic surgery safety,non-opioid pain management,,,,,30,0,0.00,0.00,,,,"0.50,1.00",,,
us,non-opioid post-surgical pain management innovations 2025,non-opioid pain management,,,,,30,0,0.00,0.00,,,,1.00,,,
us,what's the best telehealth service for non-opioid pain management options,non-opioid pain management,,,,,30,0,0.00,0.00,,,,"1.00,0.00",,,
us,best telehealth services non-opioid pain management 2025,non-opioid pain management,,,,,20,0,0.00,0.00,,,,"1.00,0.00",,,
us,cdc non opioid pain management,non-opioid pain management,,,,,20,0,0.00,0.33,,,,"0.66,0.66,0.66,0.66,0.00,0.00,0.66,0.66,0.66,0.66,0.66,0.66",,,
us,future of pain management personalized non-opioid precision-based 2025,non-opioid pain management,,,,,20,0,0.00,0.00,,,,"0.00,1.00",,,
us,iovera non-opioid pain management comparison,non-opioid pain management,,,,,20,0,0.00,0.00,,,,"0.66,1.00,0.33",,,
us,non opioid pain management alternatives,non-opioid pain management,,,,,20,0,0.00,0.14,,,,"0.66,0.66,0.00,0.66,0.66,0.66,0.66,0.66,0.66,0.66,0.66,0.66",,,
us,non opioid pain management guidelines,non-opioid pain management,,,,,20,0,0.00,0.33,,,,"0.09,0.09,0.09,0.09,0.09,0.09,0.09,0.09,0.09,0.09,0.09,0.09",,,
us,physicians explain journavx non-opioid pain management option patients,non-opioid pain management,,,,,20,0,0.00,0.00,,,,1.00,,,
us,talk about pain non-opioid pain management after surgery,non-opioid pain management,,,,,20,0,0.00,0.00,,,,"1.00,0.50",,,
us,exparel non opioid pain management after surgery review,non-opioid pain management,,,,,10,0,0.00,0.00,,,,1.00,,,
us,non opioid pain management millburn nj,non-opioid pain management,,,,,10,0,0.00,0.00,,,,"0.00,1.00,1.00",,,
us,non opioid pain management new drug,non-opioid pain management,,,,,10,0,0.00,0.00,,,,1.00,,,
us,non-opioid pain management after foot procedures,non-opioid pain management,,,,,10,0,0.00,0.00,,,,1.00,,,
us,non-opioid pain management after surgery,non-opioid pain management,,,,,10,0,0.00,0.00,,,,"0.00,1.00,0.33",,,
us,non-opioid pain management after surgery options,non-opioid pain management,,,,,10,0,0.00,0.00,,,,"1.00,0.00",,,
us,non-opioid pain management clinics usa,non-opioid pain management,,,,,10,0,0.00,0.00,,,,"1.00,0.00",,,
us,non-opioid pain management for surgery,non-opioid pain management,,,,,10,0,0.00,0.00,,,,"0.50,1.00,0.50",,,
us,non-opioid pain management gainesville fl,non-opioid pain management,,,,,10,0,0.00,0.00,,,,"0.00,1.00,0.00,1.00",,,
us,non-opioid pain management plastic surgery,non-opioid pain management,,,,,10,0,0.00,0.00,,,,"0.50,1.00,0.00",,,
us,opioid guidelines in the management of chronic non cancer pain,non-opioid pain management,,,,,10,0,0.00,0.33,,,,"0.00,0.00,0.00,0.00,0.00,0.00,0.00,0.00,0.00,0.66,0.66,0.66",,,
us,pharmaceutical innovation non-opioid pain management 2025,non-opioid pain management,,,,,10,0,0.00,0.00,,,,"1.00,1.00",,,
us,pharmaceutical innovation non-opioid pain management research developments,non-opioid pain management,,,,,10,0,0.00,0.00,,,,1.00,,,
us,physicians explain jurnista non-opioid pain management option patients,non-opioid pain management,,,,,10,0,0.00,0.00,,,,1.00,,,
us,2018 funding for non opioid pain management business,non-opioid pain management,,,,,0,0,0.00,0.00,,,,"0.00,0.00,0.00,0.00,0.00,0.00,0.00,0.00,0.00,0.00,0.00,0.00",,,
us,2018 maryland funding for non opioid pain management business,non-opioid pain management,,,,,0,0,0.00,0.00,,,,"0.00,0.00,0.00,0.00,0.00,0.00,0.00,0.00,0.00,0.00,0.00,0.00",,,
us,2018 maryland non opioid pain management,non-opioid pain management,,,,,0,0,0.00,0.00,,,,"0.00,0.00,0.00,0.00,0.00,0.00,0.00,0.00,0.00,0.00,0.00,0.00",,,
us,a non-opioid non nsaid analgesic for perioperative pain management,non-opioid pain management,,,,,0,0,0.00,0.00,,,,"0.00,0.00,0.00,0.00,0.00,0.00,0.00,0.00,0.00,0.00,0.00,0.00",,,
us,alternative expensive non-opioid pain management,non-opioid pain management,,,,,0,0,0.00,0.00,,,,"0.00,0.00,0.00,0.00,0.00,0.00,0.00,0.00,0.00,0.00,0.00,0.00",,,
us,alternative expensive non-opioid pain management after surgery,non-opioid pain management,,,,,0,0,0.00,0.00,,,,"0.00,0.00,0.00,0.00,0.00,0.00,0.00,0.00,0.00,0.00,0.00,0.00",,,
us,alternative expensive non-opioid pain management hospira,non-opioid pain management,,,,,0,0,0.00,0.00,,,,"0.00,0.00,0.00,0.00,0.00,0.00,0.00,0.00,0.00,0.00,0.00,0.00",,,
us,alternative non-opioid pain management,non-opioid pain management,,,,,0,0,0.00,0.00,,,,"0.00,0.00,0.00,0.00,0.00,0.00,0.00,0.00,0.00,0.00,0.00,0.00",,,
us,alternative non-opioid pain management after surgery,non-opioid pain management,,,,,0,0,0.00,0.00,,,,"0.00,0.00,0.00,0.00,0.00,0.00,0.00,0.00,0.00,0.00,0.00,0.00",,,
us,benefits of non opioid pain management,non-opioid pain management,,,,,0,0,0.00,0.00,,,,"0.00,0.00,0.00,0.00,0.00,0.00,0.00,0.00,0.00,0.00,0.00,0.00",,,
us,best non-opioid options for post-surgical pain management,non-opioid pain management,,,,,0,0,0.00,0.00,,,,"0.00,0.00",,,
us,best non-opioid pain management after surgery,non-opioid pain management,,,,,0,0,0.00,0.00,,,,"0.00,0.00",,,
us,chronic pain opioid vs non opioid management,non-opioid pain management,,,,,0,0,0.00,0.00,,,,"0.00,0.00,0.00,0.00,0.00,0.00,0.00,0.00,0.00,0.00,0.00,0.00",,,
us,clinics offering non-opioid pain management,non-opioid pain management,,,,,0,0,0.00,0.00,,,,"0.00,0.00,0.00,0.00",,,
us,cms non opioid pain management,non-opioid pain management,,,,,0,0,0.00,0.00,,,,"0.00,0.00,0.00,0.00,0.00,0.00,0.00,0.00,0.00,0.00,0.00,0.00",,,
us,evidence based practice non opioid pain management nursing,non-opioid pain management,,,,,0,0,0.00,0.00,,,,"0.00,0.00,0.00,0.00,0.00,0.00,0.00,0.00,0.00,0.00,0.00,0.00",,,
us,evidence supporting multimodal non-opioid pain management,non-opioid pain management,,,,,0,0,0.00,0.00,,,,"0.00,0.00",,,
us,florida pain non opioid management clinic rules,non-opioid pain management,,,,,0,0,0.00,0.00,,,,"0.00,0.00,0.00,0.00,0.00,0.00,0.00,0.00,0.00,0.00,0.00,0.00",,,
us,funding for non opioid pain management,non-opioid pain management,,,,,0,0,0.00,0.00,,,,"0.00,0.00,0.00,0.00,0.00,0.00,0.00,0.00,0.00,0.00,0.00,0.00",,,
us,funding for non opioid pain management business,non-opioid pain management,,,,,0,0,0.00,0.00,,,,"0.00,0.00,0.00,0.00,0.00,0.00,0.00,0.00,0.00,0.00,0.00,0.00",,,
us,guidelines for pain management non opioid,non-opioid pain management,,,,,0,0,0.00,0.00,,,,"0.00,0.00,0.00,0.00,0.00,0.00,0.00,0.00,0.00,0.00,0.00,0.00",,,
us,hooten pain assessment non-opioid treatment approaches and opioid management,non-opioid pain management,,,,,0,0,0.00,0.00,,,,"0.00,0.00,0.00,0.00,0.00,0.00,0.00,0.00,0.00,0.00,0.00,0.00",,,
us,hospitals adopting non-opioid pain management protocols 2025,non-opioid pain management,,,,,0,0,0.00,0.00,,,,0.00,,,
us,how to build a pain management plan using non-opioid options,non-opioid pain management,,,,,0,0,0.00,0.00,,,,"0.00,0.00",,,
us,how to measure outcomes in non-opioid pain management programs,non-opioid pain management,,,,,0,0,0.00,0.00,,,,"1.00,0.00",,,
us,https www.asahq.org whensecondscount pain-management non-opioid-treatment,non-opioid pain management,,,,,0,0,0.00,0.00,,,,"0.00,0.00,0.00,0.00,0.00,0.00,0.00,0.00,0.00,0.00,0.00,0.00",,,
us,icsi pain assessment non-opioid treatment approaches and opioid management,non-opioid pain management,,,,,0,0,0.00,0.00,,,,"0.00,0.00,0.00,0.00,0.00,0.00,0.00,0.00,0.00,0.00,0.00,0.00",,,
us,innovations in non-opioid pain management 2024,non-opioid pain management,,,,,0,0,0.00,0.00,,,,"0.00,1.00,0.00",,,
us,joint commission of nursing non opioid pain management,non-opioid pain management,,,,,0,0,0.00,0.00,,,,"0.00,0.00,0.00,0.00,0.00,0.00,0.00,0.00,0.00,0.00,0.00,0.00",,,
us,journavx pharmaceuticals non opioid pain management after surgery,non-opioid pain management,,,,,0,0,0.00,0.00,,,,"0.00,0.00,0.00,0.00",,,
us,knee replacement non opioid pain management,non-opioid pain management,,,,,0,0,0.00,0.00,,,,"0.00,0.00,0.00,0.00,0.00,0.00,0.00,0.00,0.00,0.00,0.00,0.00",,,
us,laws on continuing education for non opioid pain management,non-opioid pain management,,,,,0,0,0.00,0.00,,,,"0.00,0.00,0.00,0.00,0.00,0.00,0.00,0.00,0.00,0.00,0.00,0.00",,,
us,non opioid acute pain management,non-opioid pain management,,,,,0,0,0.00,0.00,,,,"0.00,0.00,0.00,0.00,0.00,0.00,0.00,0.00,0.00,0.00,0.00,0.00",,,
us,non opioid analgesics for postoperative pain management,non-opioid pain management,,,,,0,0,0.00,0.00,,,,"0.00,0.00,0.00,0.00,0.00,0.00,0.00,0.00,0.00,0.00,0.00,0.00",,,
us,non opioid analgesics pain management,non-opioid pain management,,,,,0,0,0.00,0.00,,,,"0.00,0.00,0.00,0.00,0.00,0.00,0.00,0.00,0.00,0.00,0.00,0.00",,,
us,non opioid chronic pain management,non-opioid pain management,,,,,0,0,0.00,0.00,,,,"0.00,0.00,0.20,0.00,0.00,0.20,0.00,0.00,0.00,0.00,0.00,0.00",,,
us,non opioid ethical pain management nursing,non-opioid pain management,,,,,0,0,0.00,0.00,,,,"0.00,0.00,0.00,0.00,0.00,0.00,0.00,0.00,0.00,0.00,0.00,0.00",,,
us,non opioid management of chronic pain,non-opioid pain management,,,,,0,0,0.00,0.00,,,,"0.00,0.00,0.00,0.00,0.00,0.00,0.00,0.00,0.00,0.00,0.00,0.00",,,
us,non opioid options for managing chronic pain,non-opioid pain management,,,,,0,0,0.00,0.00,,,,"0.00,0.00,0.00,0.00,0.00,0.00,0.00,0.00,0.00,0.00,0.00,0.00",,,
us,non opioid pain management 2017,non-opioid pain management,,,,,0,0,0.00,0.00,,,,"1.00,0.00,0.00,0.00,0.00,0.00,0.00,0.00,0.00,0.00,0.00,0.00",,,
us,non opioid pain management 2019,non-opioid pain management,,,,,0,0,0.00,0.00,,,,"0.00,0.00,0.00,0.00,0.00,0.00,0.00,0.00,0.00,0.00,0.00,0.00",,,
us,non opioid pain management articles,non-opioid pain management,,,,,0,0,0.00,0.00,,,,"0.00,0.00,0.00,0.00,0.00,0.00,0.00,0.00,0.00,0.00,0.00,0.00",,,
us,non opioid pain management chart,non-opioid pain management,,,,,0,0,0.00,0.00,,,,"0.00,0.00,0.00,0.00,0.00,0.00,0.00,0.00,0.00,0.00,0.00,0.00",,,
us,non opioid pain management cme,non-opioid pain management,,,,,0,0,0.00,0.00,,,,"0.00,0.00,0.00,0.00,0.00,0.00,0.00,0.00,0.00,0.00,0.00,0.00",,,
us,non opioid pain management for knee replacement,non-opioid pain management,,,,,0,0,0.00,0.00,,,,"0.00,0.00,0.00,0.00,0.00,0.00,0.00,0.00,0.00,0.00,0.00,0.00",,,
us,non opioid pain management fracture care alternatives,non-opioid pain management,,,,,0,0,0.00,0.00,,,,"0.00,0.00",,,
us,non opioid pain management guidelines in emergency department,non-opioid pain management,,,,,0,0,0.00,0.00,,,,"0.00,0.00,0.00,0.00,0.00,0.00,0.00,0.00,0.00,0.00,0.00,0.00",,,
us,non opioid pain management lecture,non-opioid pain management,,,,,0,0,0.00,0.00,,,,"0.00,0.00,0.00,0.00,0.00,0.00,0.00,0.00,0.00,0.00,0.00,0.00",,,
us,non opioid pain management medications,non-opioid pain management,,,,,0,0,0.00,0.00,,,,"1.00,0.00,0.00,0.00,0.00,0.00,0.00,0.00,0.00",,,
us,non opioid pain management nursing,non-opioid pain management,,,,,0,0,0.00,0.00,,,,"0.00,0.00,0.00,0.00,0.00,0.00,0.00,0.00,0.00,0.00,0.00,0.00",,,
us,non opioid pain management plastic surgery prescription medications,non-opioid pain management,,,,,0,0,0.00,0.00,,,,"0.00,0.00",,,
us,non opioid pain management ppt,non-opioid pain management,,,,,0,0,0.00,0.00,,,,"0.00,0.00,0.00,0.00,0.00,0.00,0.00,0.00,0.00,0.00,0.00,0.00",,,
us,non opioid pain management protocol,non-opioid pain management,,,,,0,0,0.00,0.00,,,,"0.00,0.00,0.00,0.00,0.00,0.00,0.00,0.00,0.00,0.00,0.00,0.00",,,
us,non opioid pain management protocol in emergency department,non-opioid pain management,,,,,0,0,0.00,0.00,,,,"0.00,0.00,0.00,0.00,0.00,0.00,0.00,0.00,0.00,0.00,0.00,0.00",,,
us,non opioid pain management sterling,non-opioid pain management,,,,,0,0,0.00,0.00,,,,"0.00,0.00",,,
us,non opioid pain managment portland or,non-opioid pain management,,,,,0,0,0.00,0.00,,,,"0.00,0.00,0.00,0.00,0.00,0.00,0.00,0.00,0.00,0.00,0.00,0.00",,,
us,non opioid post op pain management,non-opioid pain management,,,,,0,0,0.00,0.00,,,,"0.00,0.00,0.00,0.00,0.00,0.00,0.00,0.00",,,
us,non opioid post surgical pain management,non-opioid pain management,,,,,0,0,0.00,0.00,,,,"0.00,0.00,0.00,0.00,0.00,0.00,0.00,0.00,0.00,0.00,0.00,1.00",,,
us,non opioid postoperative pain management,non-opioid pain management,,,,,0,0,0.00,0.00,,,,"0.00,0.00,0.00,0.00,0.00,0.00,0.00,0.00,0.00,0.00,0.00,0.00",,,
us,non opioid strategies for acute pain management,non-opioid pain management,,,,,0,0,0.00,0.00,,,,"0.00,0.00,0.00,0.00,0.00,0.00,0.00,0.00,0.00,0.00,0.00,0.00",,,
us,non opioid ways to manage pain,non-opioid pain management,,,,,0,0,0.00,0.00,,,,"0.00,0.00,0.00,0.00,0.00,0.00,0.00,0.00,0.00,0.00,0.00,0.00",,,
us,non pharmacologic and non-opioid solutions for pain management,non-opioid pain management,,,,,0,0,0.00,0.00,,,,"0.00,0.00,0.00,0.00,0.00,0.00,0.00,0.00,0.00,0.00,0.00,0.00",,,
us,non pharmacological and non-opioid solutions for pain management,non-opioid pain management,,,,,0,0,0.00,0.00,,,,"0.00,0.00,0.00,0.00,0.00,0.00,0.00,0.00,0.00,0.00,0.00,0.00",,,
